type,id,x,y,connected_bat
house,134,29,7,12
house,80,25,5,12
house,40,27,3,12
house,109,28,3,12
house,125,27,13,12
house,13,33,7,12
house,55,30,4,12
house,82,32,9,12
house,41,23,10,12
house,37,30,12,12
house,126,34,8,12
house,32,22,10,12
house,48,30,2,12
house,112,28,15,106
house,101,33,11,12
house,118,21,11,12
house,23,23,1,12
house,143,37,6,12
house,10,20,11,12
house,6,19,4,12
house,120,20,3,12
house,60,30,16,106
house,121,31,15,106
house,142,22,14,106
house,137,19,3,12
house,12,33,0,12
house,11,19,12,12
house,102,24,18,106
house,44,20,14,106
house,5,17,11,119
house,19,27,22,106
house,71,31,18,106
house,147,22,17,106
house,52,15,4,119
house,127,16,3,119
house,18,28,23,106
house,86,29,22,106
house,76,18,15,106
house,28,12,5,119
house,1,24,22,106
house,145,39,14,106
house,56,11,10,119
house,45,11,4,119
house,138,24,24,106
house,7,8,6,12
house,130,30,25,106
house,148,26,27,106
house,20,47,6,12
house,124,38,18,106
house,144,33,24,106
house,84,43,14,106
house,54,8,3,119
house,100,39,19,106
house,33,26,30,83
house,64,45,1,12
house,43,48,4,12
house,73,5,9,119
house,110,3,7,119
house,106,29,30,83
house,114,38,21,106
house,133,4,5,119
house,39,37,23,106
house,21,38,22,106
house,132,24,30,83
house,87,21,27,83
house,75,3,9,119
house,16,2,8,12
house,97,30,31,106
house,78,50,3,12
house,51,4,3,119
house,129,38,24,106
house,38,21,29,83
house,68,5,13,119
house,58,47,16,106
house,83,18,28,83
house,35,5,15,119
house,70,2,12,119
house,140,4,0,12
house,15,37,28,106
house,49,28,37,83
house,115,26,37,83
house,139,24,36,83
house,25,30,37,83
house,128,20,34,83
house,141,19,33,83
house,104,18,32,83
house,42,13,27,149
house,122,9,23,149
house,72,45,24,93
house,81,25,40,83
house,88,18,33,83
house,77,13,28,149
house,14,21,37,83
house,63,0,16,119
house,66,44,27,93
house,149,10,27,149
house,59,1,18,119
house,93,37,35,93
house,29,31,41,93
house,111,7,25,149
house,3,19,38,83
house,24,18,37,83
house,117,39,35,93
house,46,43,32,93
house,61,21,42,65
house,92,19,40,65
house,136,42,34,93
house,9,16,38,83
house,50,41,36,93
house,108,44,33,93
house,135,36,41,93
house,91,21,44,65
house,119,1,24,149
house,4,22,46,65
house,74,40,39,93
house,17,23,48,65
house,90,16,41,65
house,0,34,47,65
house,146,21,48,65
house,89,11,38,149
house,123,42,40,93
house,85,43,39,93
house,99,39,43,93
house,8,9,37,149
house,34,15,44,65
house,36,21,50,65
house,96,10,39,149
house,26,4,33,149
house,113,46,38,93
house,53,37,47,93
house,107,34,50,65
house,30,50,35,93
house,116,15,46,65
house,27,16,48,65
house,105,5,37,149
house,22,47,40,93
house,69,46,42,93
house,57,4,38,149
house,95,0,34,149
house,103,42,47,93
house,79,15,50,65
house,65,9,44,149
house,94,10,47,65
house,2,49,44,93
house,31,9,48,65
house,62,9,50,65
house,98,47,50,93
house,67,48,50,93
house,131,50,49,93
house,47,2,50,149
battery,149,7,34,149
battery,83,22,34,83
battery,119,6,8,119
battery,106,30,20,106
battery,65,19,46,65
battery,93,43,37,93
battery,12,29,6,12
